target,input_variable,spearman_correlation,absolute_rank,interpretation
agi,agent_time_horizon_doubling_months,0.5504866599394669,1,Higher `agent_time_horizon_doubling_months` is associated with later agi in this simulation.
agi,effective_compute_growth_x_per_year,-0.39617857354700864,2,Higher `effective_compute_growth_x_per_year` is associated with earlier agi in this simulation.
agi,algorithmic_efficiency_x_per_year,-0.3423896385387479,3,Higher `algorithmic_efficiency_x_per_year` is associated with earlier agi in this simulation.
agi,current_agent_task_horizon_hours,-0.3004446835794824,4,Higher `current_agent_task_horizon_hours` is associated with earlier agi in this simulation.
agi,coding_automation_threshold_human_hours,0.20860106365992406,5,Higher `coding_automation_threshold_human_hours` is associated with later agi in this simulation.
agi,agi_integration_lag_months,0.17961793423924122,6,Higher `agi_integration_lag_months` is associated with later agi in this simulation.
agi,compute_governance_friction_months,0.11871854927541538,7,Higher `compute_governance_friction_months` is associated with later agi in this simulation.
agi,general_capability_lag_after_coding_months,0.11050861993546662,8,Higher `general_capability_lag_after_coding_months` is associated with later agi in this simulation.
agi,infrastructure_friction_months,0.007589331602928644,9,Higher `infrastructure_friction_months` is associated with later agi in this simulation.
agi,phase_overlap_coefficient,-0.004073184143058097,10,Higher `phase_overlap_coefficient` is associated with earlier agi in this simulation.
agi,superhuman_ai_researcher_lag_months,-0.0026803341888120345,11,Higher `superhuman_ai_researcher_lag_months` is associated with earlier agi in this simulation.
agi,ai_rnd_automation_lag_after_agi_months,0.0024223533065996115,12,Higher `ai_rnd_automation_lag_after_agi_months` is associated with later agi in this simulation.
agi,secrecy_visibility_delay_months,-0.0022961443386860696,13,Higher `secrecy_visibility_delay_months` is associated with earlier agi in this simulation.
agi,deployment_governance_delay_months,-0.001910594025853778,14,Higher `deployment_governance_delay_months` is associated with earlier agi in this simulation.
agi,takeoff_lag_months,0.001888043594762148,15,Higher `takeoff_lag_months` is associated with later agi in this simulation.
internal_asi,agent_time_horizon_doubling_months,0.4457033159414441,1,Higher `agent_time_horizon_doubling_months` is associated with later internal_asi in this simulation.
internal_asi,infrastructure_friction_months,0.3714597275788114,2,Higher `infrastructure_friction_months` is associated with later internal_asi in this simulation.
internal_asi,effective_compute_growth_x_per_year,-0.3201889797483549,3,Higher `effective_compute_growth_x_per_year` is associated with earlier internal_asi in this simulation.
internal_asi,algorithmic_efficiency_x_per_year,-0.28119245748316246,4,Higher `algorithmic_efficiency_x_per_year` is associated with earlier internal_asi in this simulation.
internal_asi,current_agent_task_horizon_hours,-0.2469486391536662,5,Higher `current_agent_task_horizon_hours` is associated with earlier internal_asi in this simulation.
internal_asi,coding_automation_threshold_human_hours,0.1711004184915767,6,Higher `coding_automation_threshold_human_hours` is associated with later internal_asi in this simulation.
internal_asi,agi_integration_lag_months,0.14326014346274757,7,Higher `agi_integration_lag_months` is associated with later internal_asi in this simulation.
internal_asi,compute_governance_friction_months,0.09831941744352703,8,Higher `compute_governance_friction_months` is associated with later internal_asi in this simulation.
internal_asi,phase_overlap_coefficient,-0.09226283934326523,9,Higher `phase_overlap_coefficient` is associated with earlier internal_asi in this simulation.
internal_asi,general_capability_lag_after_coding_months,0.08943833189749474,10,Higher `general_capability_lag_after_coding_months` is associated with later internal_asi in this simulation.
internal_asi,takeoff_lag_months,0.06431865526187978,11,Higher `takeoff_lag_months` is associated with later internal_asi in this simulation.
internal_asi,superhuman_ai_researcher_lag_months,0.03525962870435545,12,Higher `superhuman_ai_researcher_lag_months` is associated with later internal_asi in this simulation.
internal_asi,ai_rnd_automation_lag_after_agi_months,0.028069393486519816,13,Higher `ai_rnd_automation_lag_after_agi_months` is associated with later internal_asi in this simulation.
internal_asi,secrecy_visibility_delay_months,-0.00237226253864833,14,Higher `secrecy_visibility_delay_months` is associated with earlier internal_asi in this simulation.
internal_asi,deployment_governance_delay_months,-0.0008942361180946101,15,Higher `deployment_governance_delay_months` is associated with earlier internal_asi in this simulation.
public_asi,agent_time_horizon_doubling_months,0.4236894717364895,1,Higher `agent_time_horizon_doubling_months` is associated with later public_asi in this simulation.
public_asi,infrastructure_friction_months,0.35403976576797286,2,Higher `infrastructure_friction_months` is associated with later public_asi in this simulation.
public_asi,effective_compute_growth_x_per_year,-0.30451767231371035,3,Higher `effective_compute_growth_x_per_year` is associated with earlier public_asi in this simulation.
public_asi,algorithmic_efficiency_x_per_year,-0.26868472859652065,4,Higher `algorithmic_efficiency_x_per_year` is associated with earlier public_asi in this simulation.
public_asi,current_agent_task_horizon_hours,-0.23546337060970166,5,Higher `current_agent_task_horizon_hours` is associated with earlier public_asi in this simulation.
public_asi,secrecy_visibility_delay_months,0.18983334789413056,6,Higher `secrecy_visibility_delay_months` is associated with later public_asi in this simulation.
public_asi,coding_automation_threshold_human_hours,0.1624992157108491,7,Higher `coding_automation_threshold_human_hours` is associated with later public_asi in this simulation.
public_asi,agi_integration_lag_months,0.1364590546851583,8,Higher `agi_integration_lag_months` is associated with later public_asi in this simulation.
public_asi,compute_governance_friction_months,0.0933429717151409,9,Higher `compute_governance_friction_months` is associated with later public_asi in this simulation.
public_asi,phase_overlap_coefficient,-0.0884133624614842,10,Higher `phase_overlap_coefficient` is associated with earlier public_asi in this simulation.
public_asi,general_capability_lag_after_coding_months,0.08458292395417091,11,Higher `general_capability_lag_after_coding_months` is associated with later public_asi in this simulation.
public_asi,deployment_governance_delay_months,0.06769385627377277,12,Higher `deployment_governance_delay_months` is associated with later public_asi in this simulation.
public_asi,takeoff_lag_months,0.06180858335364011,13,Higher `takeoff_lag_months` is associated with later public_asi in this simulation.
public_asi,superhuman_ai_researcher_lag_months,0.032909047331914874,14,Higher `superhuman_ai_researcher_lag_months` is associated with later public_asi in this simulation.
public_asi,ai_rnd_automation_lag_after_agi_months,0.026687613205640195,15,Higher `ai_rnd_automation_lag_after_agi_months` is associated with later public_asi in this simulation.
agi_to_asi_lag,infrastructure_friction_months,0.9221618179824771,1,Higher `infrastructure_friction_months` is associated with later agi_to_asi_lag in this simulation.
agi_to_asi_lag,phase_overlap_coefficient,-0.2503163239499397,2,Higher `phase_overlap_coefficient` is associated with earlier agi_to_asi_lag in this simulation.
agi_to_asi_lag,takeoff_lag_months,0.17324157871655566,3,Higher `takeoff_lag_months` is associated with later agi_to_asi_lag in this simulation.
agi_to_asi_lag,superhuman_ai_researcher_lag_months,0.10411320319099035,4,Higher `superhuman_ai_researcher_lag_months` is associated with later agi_to_asi_lag in this simulation.
agi_to_asi_lag,ai_rnd_automation_lag_after_agi_months,0.07224639161529574,5,Higher `ai_rnd_automation_lag_after_agi_months` is associated with later agi_to_asi_lag in this simulation.
agi_to_asi_lag,algorithmic_efficiency_x_per_year,-0.010235745974488081,6,Higher `algorithmic_efficiency_x_per_year` is associated with earlier agi_to_asi_lag in this simulation.
agi_to_asi_lag,compute_governance_friction_months,0.005772869920489287,7,Higher `compute_governance_friction_months` is associated with later agi_to_asi_lag in this simulation.
agi_to_asi_lag,agent_time_horizon_doubling_months,0.005096656713293666,8,Higher `agent_time_horizon_doubling_months` is associated with later agi_to_asi_lag in this simulation.
agi_to_asi_lag,deployment_governance_delay_months,0.004554088201703409,9,Higher `deployment_governance_delay_months` is associated with later agi_to_asi_lag in this simulation.
agi_to_asi_lag,current_agent_task_horizon_hours,-0.004399779396379979,10,Higher `current_agent_task_horizon_hours` is associated with earlier agi_to_asi_lag in this simulation.
agi_to_asi_lag,general_capability_lag_after_coding_months,0.0026026654613575616,11,Higher `general_capability_lag_after_coding_months` is associated with later agi_to_asi_lag in this simulation.
agi_to_asi_lag,agi_integration_lag_months,-0.0015560021931116004,12,Higher `agi_integration_lag_months` is associated with earlier agi_to_asi_lag in this simulation.
agi_to_asi_lag,effective_compute_growth_x_per_year,0.0013037699383077416,13,Higher `effective_compute_growth_x_per_year` is associated with later agi_to_asi_lag in this simulation.
agi_to_asi_lag,secrecy_visibility_delay_months,-0.000627690798203811,14,Higher `secrecy_visibility_delay_months` is associated with earlier agi_to_asi_lag in this simulation.
agi_to_asi_lag,coding_automation_threshold_human_hours,0.0005567137550716714,15,Higher `coding_automation_threshold_human_hours` is associated with later agi_to_asi_lag in this simulation.
